,A,B,C,D
2000-01-01,-0.6589860798765684,-0.09644785975163879,1.2558468007147137,1.0920743347685018
2000-01-02,-1.662267048178558,2.6084910347796315,1.7237887545630612,2.6400112647047194
2000-01-03,-1.8585012937919574,0.9221195427316702,0.09197071345530872,1.9532463829951299
2000-01-04,-3.1260142738364607,0.6181940190352455,-0.26380903456646027,3.365863624379146
2000-01-05,-3.9980292018210988,0.7488654066575807,-0.240485631768922,2.449941877672181
2000-01-06,-3.4935409650343767,-0.0075821941239152535,-1.2703722993885245,2.8502912780058094
2000-01-07,-5.544393003687049,-1.937585033503877,-2.270210267582769,6.034712714050822
2000-01-08,-3.5831167808579973,-2.9031028293331063,-2.058129333799183,6.266686981080844
2000-01-09,-4.116345299000516,-2.965386355774092,-2.23216653556124,6.261217672173837
2000-01-10,-4.864438476261407,-3.479598392011698,-2.1509578683970276,5.935802717855395
2000-01-11,-3.269781693123573,-3.9142361379435027,-1.6297033640547667,7.7329472099465
2000-01-12,-4.517081725309418,-5.208208476805458,-2.568919809489951,8.609692669656178
2000-01-13,-4.833585002180363,-4.752671909150312,-2.6276129650719757,7.665954089284295
2000-01-14,-6.437783222757126,-4.310400919399198,-4.338785711069377,6.771444592714592
2000-01-15,-6.076469060498554,-3.301608942038569,-5.375922187839763,5.845822488200249
2000-01-16,-2.8144281455003184,-2.1687933489725153,-5.745089355095498,4.755783496251933
2000-01-17,-3.4064905056108725,-1.9672273233164754,-6.384572096121566,5.160343938126676
2000-01-18,-3.784205126929834,-1.7886403849594243,-6.751048190221168,7.038906496306914
2000-01-19,-5.450139838745443,-1.7565936704386367,-6.630903955525536,9.238828761688156
2000-01-20,-4.265599340315302,-0.26699392575608916,-7.0662149538980925,8.789622103342442
2000-01-21,-4.35357338495389,-0.2091691155044405,-7.924899209699483,8.586186247943347
2000-01-22,-4.509958349418092,-0.290678168094598,-7.541512470669293,9.11924902351015
2000-01-23,-5.290784545724723,0.5851857170624464,-6.107703237711505,8.103279794616912
2000-01-24,-5.421321117577453,2.633051256741863,-7.628805844141219,10.437683330993252
2000-01-25,-4.764586642053259,3.115275723348798,-6.053809541146719,11.49932211901774
2000-01-26,-4.448130791989713,3.876186991893922,-6.163358695872263,12.544213000500946
2000-01-27,-4.6889992622266154,5.527920567147708,-6.089871505424558,10.323082573301916
2000-01-28,-4.175956612112897,5.799822757645112,-5.546857733700481,11.49681156467472
2000-01-29,-2.087568397059581,5.169053707795704,-6.6314340255246655,11.163767263277665
2000-01-30,-2.280094092476352,3.79385656559578,-5.760606396505122,9.059908643643336
2000-01-31,-0.9348358942058466,3.6851932887180237,-5.913171593656039,9.459265656688888
2000-02-01,-0.7560910294983951,3.4714008790750515,-5.642090051552721,9.04146880813956
2000-02-02,-0.7332411897886224,2.705068505544213,-3.3782866807972076,10.256015939586794
2000-02-03,-1.8515929043991786,3.1489317763106315,-3.009535749055209,10.40010922542782
2000-02-04,-1.6114732720053335,1.8525360201033358,-3.4004363521408414,9.08565249089272
2000-02-05,-2.4222200990879044,2.2590478802136253,-4.554726530427269,9.82934730520756
2000-02-06,-2.486124701718843,2.9852181226338255,-6.806999600722399,8.608498318443118
2000-02-07,-0.06483291626292154,3.7742322284506185,-7.172292576690787,8.558026101501223
2000-02-08,-0.643912037174339,3.104076863443004,-6.880673377347166,8.927495368188053
2000-02-09,-0.9521732549385935,3.030703500985052,-7.340688634374802,8.44649342538322
2000-02-10,-2.223231496492855,2.6810952521016755,-6.944584868313606,8.23268507249112
2000-02-11,-3.700436533870338,4.201956627734591,-6.288273948146379,8.124081389014721
2000-02-12,-3.643009272830061,2.444331237767271,-6.1533133466483605,8.819568482536543
2000-02-13,-2.6299785184541404,3.68930367899699,-6.314043747430701,7.996855251552577
2000-02-14,-2.748429779451069,4.632753069533927,-5.246149989409485,7.771399012616621
2000-02-15,-2.1462446168862086,6.044634816642635,-7.026552211990711,7.8756458100947
2000-02-16,-2.4100720640200044,6.552649694827199,-8.750511940084937,8.03156950708581
2000-02-17,-3.559395689500154,6.222745465582482,-9.210377016488048,7.575977566660753
2000-02-18,-2.722115689024641,7.031298677326576,-9.74247788314895,7.555992562432295
2000-02-19,-3.05828833130047,5.967233120398948,-9.167189996705867,8.038604220788418
2000-02-20,-2.1763231512520584,5.656872071822439,-9.569502415370513,7.245637839826038
2000-02-21,-2.044346950854894,6.19712767787623,-10.83954101997595,8.367997788455712
2000-02-22,-0.12742187339644784,8.460538856238017,-11.632013666439848,9.20591778670056
2000-02-23,-0.7109953519948805,8.979770804344936,-10.858289864361925,10.551611014637894
2000-02-24,0.6628828339282983,9.857910892237609,-11.832640024632674,9.909525942476092
2000-02-25,0.38371691365674404,9.600715180377557,-11.728839870018913,10.498143007651688
2000-02-26,0.7660266520369554,7.94493441048983,-11.015065444325115,9.54975339127115
2000-02-27,0.41418454575369446,7.048223622257022,-9.394848990853568,9.391448170475572
2000-02-28,0.03985564253548196,5.7105992359303075,-8.628076956166089,9.288089339666513
2000-02-29,0.8614059068177575,5.275061073152155,-7.370738709743697,8.33380988729927
2000-03-01,2.051666953228546,7.593582998910621,-6.879465018858962,6.758318673909728
2000-03-02,1.088372688754823,6.947009688771214,-5.65130731314152,8.496278096554878
2000-03-03,0.21122157760705718,8.255181279764104,-5.215840576013172,9.088807416475735
2000-03-04,-1.6574292812212739,9.155572732506073,-4.8582854222816225,8.954842892890683
2000-03-05,-1.4426985036355024,9.923363520684351,-4.569137953123114,8.220768087381593
2000-03-06,-1.2177891916934482,7.55227094103952,-2.926016559023809,9.094372361225538
2000-03-07,-1.5192209026697008,7.919627945994312,-2.568677052648053,10.50016181867497
2000-03-08,-1.468796441450455,7.42868522235602,-2.516395564674333,9.886411054867496
2000-03-09,-2.686188010273357,8.354007547836495,-2.8581971975066174,10.202064621196671
2000-03-10,-3.7527638795516154,8.917481289716282,-2.8194116331716956,11.059472772352526
2000-03-11,-4.18278237075444,9.757862207799482,-4.402292069188243,11.627599570186234
2000-03-12,-4.706706782095004,8.581214067143422,-3.1099979989255147,12.371302178515688
2000-03-13,-5.704376125430005,7.989391764481271,-3.999261398695774,12.715417287946638
2000-03-14,-5.31135559202389,8.975315747829585,-3.8401713738963363,13.94475683273794
2000-03-15,-5.394989761668016,8.681527594721945,-3.1782123059191902,14.253998730028217
2000-03-16,-6.374035872901527,7.890939623141788,-3.833655728324174,14.022703919331342
2000-03-17,-5.91066520244439,7.299923455402597,-3.6959088166936804,14.207239822580103
2000-03-18,-5.283937494906343,7.281314428123275,-4.074158912608549,15.590883094670644
2000-03-19,-4.608919801726678,6.391564096056371,-4.388177844723822,14.726932027299336
2000-03-20,-4.899730855961428,5.9188909397280804,-4.917096575465392,13.941660236167243
2000-03-21,-4.244736533227281,5.0559362002653945,-5.786038118215445,14.616547325815233
2000-03-22,-3.343503707725287,5.739629174145325,-6.606452101859391,14.131387479598189
2000-03-23,-3.7528397876230803,5.840463296675277,-6.536812181503723,14.620799046915986
2000-03-24,-2.4746289801656562,6.618763910872213,-8.262626697548933,14.367353971420373
2000-03-25,-3.0860614201364207,7.0305784516129695,-9.13829401024843,13.517326204168295
2000-03-26,-2.1807510990847394,9.097553829109192,-9.971653502254828,12.779681752353826
2000-03-27,-2.254256570308165,7.83163766640531,-9.416569426095263,13.476144048013193
2000-03-28,-1.425893384353009,8.668400136778493,-9.344449209823447,13.542146375219325
2000-03-29,-1.1632012284816093,9.179991259775997,-9.177468596061013,11.755541087179402
2000-03-30,-1.5394592985848683,9.925471867441031,-10.640424820425991,11.76693497522133
2000-03-31,-1.6373440011816822,9.488506339328081,-11.298207684146723,13.543126601906518
2000-04-01,-2.142331307406468,7.855456295330191,-10.97549870761278,13.740536939105771
2000-04-02,-1.0924151340175947,8.062758529100604,-11.646433402916696,14.04317711447159
2000-04-03,-2.715923665327148,6.4846936212831725,-12.739838346588584,14.233721245227084
2000-04-04,-2.8122947120837742,6.748173076092484,-11.908840421400159,14.550153679740115
2000-04-05,-1.1357868001554394,7.653432342002182,-11.676395016862557,14.777318740282062
2000-04-06,-0.8383140748467272,8.432359230294892,-10.916137911104402,14.729650899458088
2000-04-07,-0.710665460838858,9.213847535991778,-11.194426155410596,13.353595425947912
2000-04-08,-0.09642327426835207,9.698880832453492,-11.91937635451932,14.08999629242806
2000-04-09,-1.9798151623384395,9.411503087773262,-11.899731942960521,15.34336664074349
2000-04-10,-4.656705105276384,10.090008961917322,-10.929260514749144,16.51597636679406
2000-04-11,-4.99204050370298,10.002457705773248,-12.273676161013434,15.487280836394998
2000-04-12,-4.840820657185848,9.05146633331278,-12.00670157282102,16.508469955494046
2000-04-13,-3.882164994623332,8.251965359335246,-11.902324449731474,15.68208056383309
2000-04-14,-4.542373595660558,7.214600843869544,-12.428152499801548,15.330468759553037
2000-04-15,-4.670914393011765,5.999148237226075,-8.226799395139832,16.085003142397856
2000-04-16,-5.550459452008655,7.727202692673232,-7.045945740355448,16.40603734774238
2000-04-17,-3.652453625985676,5.747951797026069,-6.201535526439424,14.953598880281174
2000-04-18,-4.5302011594875955,3.795168112828224,-3.787970338470246,17.446215524219323
2000-04-19,-3.799513332707913,5.937236925536791,-4.499248712510409,16.92609075150255
2000-04-20,-4.593541823954661,4.712364870264301,-5.03700191066833,16.044565531061068
2000-04-21,-4.726801238748548,4.296095890099708,-5.392194560405684,17.053608278297133
2000-04-22,-4.915784009394276,3.670397168909899,-5.358374693620861,17.52490617640361
2000-04-23,-5.680692745396652,3.1111337520944655,-4.708465849724672,17.51496765048819
2000-04-24,-5.326178518590563,2.590869626206879,-5.599073379963492,18.940984338372743
2000-04-25,-4.954161233514231,3.7055489354117643,-4.266516377055346,20.68719732368446
2000-04-26,-5.022241247901484,4.144051383357898,-2.399926606609273,19.683583748501462
2000-04-27,-5.0734259754232305,3.3794110157592607,-2.0986123362387383,17.750980327777086
2000-04-28,-4.841027744777247,2.402788965032054,-2.934165280495157,16.22954614726826
2000-04-29,-3.8160837465005115,2.0932690983235123,-4.227588064719755,17.26735689998944
2000-04-30,-3.3538344628528485,1.7942270178324096,-3.999205237118497,17.332338783825243
2000-05-01,-2.7862997646807677,2.120606629034927,-3.9564285279522364,16.364586340235444
2000-05-02,-0.7980744681210452,2.34481693258968,-2.5376531725439913,18.14311664186645
2000-05-03,-0.3456730806896847,2.3704955791845186,-2.609928511037724,17.20650604043545
2000-05-04,-1.6738924516478595,1.4121014302824677,-0.9433260389344191,17.564248674935126
2000-05-05,-1.5214636416981828,1.4082164071168468,-2.198249862221715,17.30832183965806
2000-05-06,-3.3241967374707704,1.2142113850044502,-1.2900672563404068,18.38954260401082
2000-05-07,-3.783110976328377,1.0474405910543636,-2.010882354108275,17.955365329239147
2000-05-08,-4.199649359737429,2.23117794152622,-1.7497850060953057,18.248715753878614
2000-05-09,-4.300035921574811,1.5328245773150813,-1.7904096359843227,19.132523026288624
2000-05-10,-2.1533122836421126,0.941995563172659,-0.2854188375563633,20.54562763599251
2000-05-11,-0.4969163574367417,2.112326608560916,-0.773136834995449,21.846934421114142
2000-05-12,-0.5937594502010307,2.5496211629980587,0.37018718585942434,22.93395772934963
2000-05-13,-1.2155888774335668,1.6911326832369127,0.024934081657222718,23.26446827824106
2000-05-14,-0.17703498924914007,1.684249190879813,0.9626515011819408,22.636000518265558
2000-05-15,-0.31513330652009647,2.8172637656285207,-0.09616542952326945,22.054646035445476
2000-05-16,-0.8434069216557101,1.9865138328952119,-1.2555975272474371,23.217125664553905
2000-05-17,-1.7227736288198836,1.6915359342611211,-0.44314136488550415,23.583872223354767
2000-05-18,-0.9004518841510298,-0.34187803198226807,0.8761610331890365,23.785513494236902
2000-05-19,-0.6789084188589685,-0.6571970042323261,0.03695713503060161,22.71854545587012
2000-05-20,-2.0677120338551624,-0.004301654466202898,-0.85013176035448,24.222408847846218
2000-05-21,-2.3651302593936463,-1.1176073389274834,-1.5478050034444781,24.257746259156264
2000-05-22,-1.1388499854392764,-0.6031410636448348,-1.5424747613201475,24.00596014887359
2000-05-23,-1.975702167083802,0.03969494763784942,-2.531931492415975,23.951124523949215
2000-05-24,-1.37925306273873,0.32495218474193704,-2.257519616638968,24.5164508554993
2000-05-25,-0.7736945645338575,-0.46063475708050144,-2.690486503795017,23.63516597088348
2000-05-26,-0.09156822488112326,-1.7345091716053231,-3.627657983249887,23.107191526860426
2000-05-27,1.235196093096787,-1.7414085399832044,-3.9377381936802496,24.06570630176428
2000-05-28,2.754867031404058,-1.5083669167680152,-4.887110121677922,23.77801551911562
2000-05-29,1.7248517618029648,-2.656683658251618,-5.275277606096183,24.899815589817127
2000-05-30,0.9634087589759056,-3.673201647706179,-5.382384851937512,24.471181870514666
2000-05-31,1.1532660365568383,-4.435868233061594,-4.978681695911133,24.281306346092922
2000-06-01,0.9274320960917768,-5.352314863047315,-4.887992109770397,22.458715502775814
2000-06-02,1.0335810465774449,-3.6773219052324224,-4.789286548777898,20.80727246067874
2000-06-03,1.3009936933256012,-1.5480157789635451,-4.7976589069347355,20.80890502660547
2000-06-04,1.3811026836317424,-2.38752023881061,-3.8705902913487966,20.708285967103127
2000-06-05,0.8543026567216198,-1.709597657244684,-4.38324571198844,22.41485451060346
2000-06-06,1.7392549557877248,-2.5619904918891043,-3.909007534798712,24.514872634927624
2000-06-07,1.4573461586491583,-0.8263856106773046,-3.676982067118332,24.069312485236843
2000-06-08,0.4700075421906058,0.6438276136026841,-1.555902043209863,23.552667545209598
2000-06-09,1.1252444098998473,1.0857591271411673,-0.36603110264179906,25.25374061101757
2000-06-10,2.8889121013935535,-0.06786309387505485,-3.0915320552804104,24.47283715312235
2000-06-11,3.6884623295760255,2.000941685245772,-2.4350911158411326,25.07917316491455
2000-06-12,2.6690348626458658,2.360209228164378,-2.2804050625673966,23.51648159555679
2000-06-13,2.5338321708817717,2.770986571354792,-2.3458366213493713,23.193492880984177
2000-06-14,3.6898186346404858,3.838652619789258,-1.5465362602404895,23.664888359562266
2000-06-15,2.9520703367028833,1.171063743533229,-0.9037515668967496,22.89917312736793
2000-06-16,2.4337268982498133,2.952740714440666,1.3108891268753506,24.46037779913327
2000-06-17,1.6960737196411686,2.690528155713319,0.10991731231640633,25.673736517177083
2000-06-18,1.8819996039534983,2.2111116003219045,-0.32834109576647974,25.629381405265363
2000-06-19,3.6284777513665665,0.8731686402263055,-1.1797769412198758,24.67000814789623
2000-06-20,3.5267079530024,1.3491880828278813,0.8882210576136824,24.782364365765122
2000-06-21,2.3803309598355957,1.3305484206331508,0.7243642771332082,24.109904376105582
2000-06-22,1.826093053510961,1.7080512523534959,0.30510153197953405,24.312183345921664
2000-06-23,3.478728263806505,2.039251506524581,-0.5723001696504503,23.552305451288763
2000-06-24,3.534127029289802,3.3408227411252103,-0.266383361935323,23.959147693420707
2000-06-25,3.7454262004428385,3.4594205365692923,-0.8780886210127157,24.35526327858872
2000-06-26,4.8205665800782445,3.4990066034236307,-2.5629320074900117,24.368874878544244
2000-06-27,5.282156181922434,2.836332633755444,-3.2743301866458663,24.57810333096344
2000-06-28,5.6625877949719605,2.6031790718284338,-3.6928932352760144,24.135319498343808
2000-06-29,5.660518068639028,1.978494839153754,-4.636911982919721,24.20919515382143
2000-06-30,7.1176891791771,2.5069944604468897,-4.814407952188246,22.938786781091157
2000-07-01,7.2725791898743735,2.1456534289989495,-5.065310828337464,22.336637595498473
2000-07-02,7.239132351726186,3.026748703528039,-5.239631300092521,21.88399427149541
2000-07-03,6.158148765999243,4.2823268111275175,-4.6047655269878724,22.617460469307574
2000-07-04,4.915277361148513,4.392166533205658,-4.349605480275036,24.03179629483718
2000-07-05,5.813534417334925,2.9363233758563405,-4.067525777385476,23.560237014728937
2000-07-06,5.0075635872149675,2.9861114293369773,-2.551827701431641,23.821134745268346
2000-07-07,3.755027719276458,4.675676069105911,-0.2003806987340604,23.24943993983841
2000-07-08,3.3755355370914,5.00420636319458,-0.7737536332381523,23.264709192717397
2000-07-09,2.1528011643401364,6.676950299551685,-0.7178372850360875,21.018767121392017
2000-07-10,2.3830280139326554,6.7182523367287175,-0.29170668827144164,20.68430837975429
2000-07-11,1.0201181202911656,6.127031534936144,-0.48702802647966636,20.992240931571057
2000-07-12,0.9671415421012878,6.5439859503625595,1.7370306948395107,20.69730760594342
2000-07-13,2.4304400497237033,6.75295710077668,2.5547838064348976,21.245366944726012
2000-07-14,2.8095293252618974,5.64714991953022,2.38842532831033,20.113102256403998
2000-07-15,2.2240090062478846,5.509606880555181,2.822542896131308,18.506245176167848
2000-07-16,1.977148296232507,7.169514297422674,1.175941722193007,19.441889393837158
2000-07-17,2.2879285682055626,8.448562501384153,2.9918904359982457,19.933963344384978
2000-07-18,3.336545398852815,8.00319040077879,2.2188880360812604,20.361003020325896
2000-07-19,2.1730017389034026,6.541119906839384,1.3230380908982986,20.944148053903334
2000-07-20,1.525374705101166,6.400234659197178,1.8393617113527991,20.317536482103687
2000-07-21,1.7087727226912761,6.828798149667459,2.125451751016229,19.239456250644654
2000-07-22,1.5863802464944787,7.093837872424066,1.82173738958806,19.457548168499983
2000-07-23,1.3819783129765717,6.371441003009709,2.9590126790574818,19.90833315186982
2000-07-24,-0.02887692940862885,6.274804359912637,3.769476691202441,20.492905766420026
2000-07-25,-0.9997605415037137,5.452726733451026,2.8611051169006654,21.71728473178781
2000-07-26,-1.3459425194920764,6.535538643497535,1.1875136697796773,21.529763467052152
2000-07-27,-0.5653051107730198,5.983016774912415,0.4065251184296127,21.341896484821426
2000-07-28,-2.2277258885945317,6.973753385742624,0.30701453040480636,21.56264646073211
2000-07-29,-2.287384103725669,6.298754477900506,0.5457664075126695,21.524766494867503
2000-07-30,-2.7529601286443466,5.9988333948118076,0.6786813816225228,21.684915995773416
2000-07-31,-2.34029027618718,4.973390143527949,0.9559828113421213,23.871487845297064
2000-08-01,-3.0550331102216983,5.215998707120441,1.9542678770680404,24.246286345294173
2000-08-02,-3.6120557907073367,4.9818709336162925,0.40395096954913323,23.889555573150858
2000-08-03,-3.6793594445868596,5.838529836306951,0.05278592330558396,23.46858013534353
2000-08-04,-3.4790164257026306,5.813422676071833,-0.9785199774766701,24.728261923405267
2000-08-05,-3.8069474069179967,6.161060140190068,0.8126975594150913,25.578393268870112
2000-08-06,-3.62757054501117,5.4150919084832285,0.11332132074041712,26.615857357051254
2000-08-07,-5.7520653695298645,5.345281750339423,2.285154722004009,26.1272094583659
2000-08-08,-3.869433948093073,5.348064169913636,2.110821368069044,23.475408430818593
2000-08-09,-4.448631549962787,6.569607799002609,1.034265521628933,22.33831792835076
2000-08-10,-3.588511016260803,8.38463514049814,1.2025255598719422,22.878828223421937
2000-08-11,-4.122670114268841,9.060911250446093,0.2758935469735022,23.56208051555011
2000-08-12,-5.399716523743758,8.95407108787357,-0.09843728539020813,23.65202023957465
2000-08-13,-6.49391003209101,9.013827044311805,0.7000333779661347,24.36902592235664
2000-08-14,-5.5744286576830735,11.916186547057661,-0.8332576134465641,24.11857953571136
2000-08-15,-6.801967412249955,8.698632887215034,-1.6964239796876843,23.377767529832386
2000-08-16,-7.542984183108447,7.5177684594758905,-3.196317530998089,22.85549780533565
2000-08-17,-6.2123195327873555,9.532650995852125,-2.460730400798033,23.3259129812757
2000-08-18,-6.811651138570253,9.493446084273272,-3.781364191676559,23.663465391222488
2000-08-19,-5.427991031296245,9.569081734242687,-4.832821071043379,24.36706011238866
2000-08-20,-5.490654294714984,10.90282358603009,-4.286678181700669,23.514891407852502
2000-08-21,-6.200606792381155,9.33588917687151,-3.475363231626677,23.957775960498616
2000-08-22,-6.158118448704754,8.728994047400727,-4.757263752774508,23.595184964650763
2000-08-23,-6.214167985709602,9.012849143464203,-4.809571146311638,23.501830863057087
2000-08-24,-5.301374976070908,8.498282821592069,-4.855575665599396,23.710291123950785
2000-08-25,-5.324647602166148,9.31447249792213,-6.311944910213621,22.849203692097866
2000-08-26,-6.174962023286929,10.350283373809294,-7.43548234551785,23.43872217115427
2000-08-27,-7.208915316517206,10.253484598235469,-7.4965172837056855,23.37755785159316
2000-08-28,-7.48107027015901,10.049101774414613,-7.42572938233924,23.43653425572574
2000-08-29,-8.354491699275462,9.44357815808786,-6.161322682580002,24.78273675865323
2000-08-30,-9.15134373256804,9.182823789465832,-5.884329433369449,23.99261136867814
2000-08-31,-9.114458327030931,8.485593978970757,-5.606611929974477,22.197753504252667
2000-09-01,-10.524539094486718,10.23947843845003,-4.597713550690844,22.95746606864208
2000-09-02,-8.876861418766763,10.263201299799059,-4.6168612183257025,23.12417240007343
2000-09-03,-8.622651238413063,9.602348152716926,-4.408262967588585,24.822379359397807
2000-09-04,-8.392691182939462,9.329386448858846,-4.858609486236678,25.039923045078204
2000-09-05,-7.524979867835143,9.203627601797816,-4.2274191177356215,24.500186639767406
2000-09-06,-7.265622675546372,9.120460089862314,-6.381751909681482,23.419670008096944
2000-09-07,-5.9061359131724345,8.74918714944587,-6.060297711531729,22.349401220004328
2000-09-08,-5.783835412191096,8.057435253477845,-5.47293385523503,23.535680517148165
2000-09-09,-4.599090290732635,7.140690616018654,-4.196813366259157,22.4751042760497
2000-09-10,-5.821822814617199,9.033155609118861,-5.246102362684535,23.15226201405004
2000-09-11,-6.592262737330628,8.562691721961066,-5.585162203228364,23.305057520273227
2000-09-12,-6.062306701296042,7.228774714761237,-7.094520465983869,21.448846805068722
2000-09-13,-5.743451587647263,6.246539393067655,-6.002883586552071,21.637753865934105
2000-09-14,-4.825041739535145,7.49620309284445,-6.350049846354677,20.784476045511695
2000-09-15,-4.356085476623048,7.264644241358904,-5.893644971733339,21.171619730193846
2000-09-16,-6.185608718581076,7.784357450227178,-5.608148093484667,19.473308614011067
2000-09-17,-8.608835585154385,6.77607443294086,-5.940586014496166,19.48359760901087
2000-09-18,-9.315507793401625,6.768373516453905,-4.928559721781577,18.607620677169333
2000-09-19,-9.129200840463705,5.814453047036601,-6.540206476861106,18.593089755120012
2000-09-20,-7.248245899172998,7.176566494048362,-7.317172239981628,18.164801705104942
2000-09-21,-7.6309151793284995,6.513391774456985,-7.279583003707308,19.48096575753474
2000-09-22,-9.087415864115528,7.450365882950017,-6.09337723424896,19.45075448455777
2000-09-23,-9.19657787672831,9.144926810217726,-2.513875561864474,21.053707440187647
2000-09-24,-8.820553498643967,8.746168664463775,-2.4722664756738677,21.689514705413757
2000-09-25,-10.049147548123361,9.645462143070512,-4.473796321928864,23.578997496030027
2000-09-26,-8.421920354027687,9.89781630697412,-4.948548334825217,23.743250249317697
2000-09-27,-8.941743756562316,9.49784699966321,-6.6720127067866155,25.62351806633618
2000-09-28,-8.689549166021473,10.302903910874717,-5.896018647052599,27.131185280514618
2000-09-29,-8.615953451788876,10.257087592816807,-6.659178789224807,27.97834416630568
2000-09-30,-8.949451102342936,11.093480099065953,-8.113536882047699,26.969418413251965
2000-10-01,-8.390766831822374,10.58974878955846,-8.677677493095903,28.221464712513104
2000-10-02,-8.646962249268936,9.742963050820522,-10.213415078181535,28.250874110520108
2000-10-03,-9.182856538421882,8.619613193374962,-10.046315522378883,28.704582651796898
2000-10-04,-10.321381183854308,8.381309408915783,-10.064118800344062,29.729862678486697
2000-10-05,-10.068156016606622,8.497810883296923,-9.077176184580805,29.138388481387498
2000-10-06,-9.088440191430037,6.88103660745457,-8.35518090053081,29.250988813592443
2000-10-07,-10.56836756182847,6.51465479546476,-9.743639958386499,28.620760779669883
2000-10-08,-10.515934485555093,5.670066451001154,-9.281417332434737,29.179549660553008
2000-10-09,-11.04409111547902,5.470673058252039,-9.3983207054796,29.76899033166106
2000-10-10,-12.680289849986051,4.214895199204977,-9.543438652692185,31.36644106824503
2000-10-11,-11.723163136645567,5.131070650645426,-7.634746129379748,32.878724253254354
2000-10-12,-11.058449448945733,6.120012710586562,-6.567897572693824,33.4917806652827
2000-10-13,-12.278935292715769,5.464841985579583,-5.106613644455481,34.22728459350777
2000-10-14,-12.443927274508786,4.674321159008188,-4.27931162768269,33.23271881425249
2000-10-15,-12.482571075507765,4.493673066842433,-4.905798088835667,33.04771653588605
2000-10-16,-14.23721762578062,4.186457376871292,-5.4381283296231295,32.22601598058664
2000-10-17,-13.481791916135357,4.361688265677138,-8.013460954554835,32.2516637762792
2000-10-18,-12.918639905824248,3.997457436239092,-7.710417870771848,32.20318193512844
2000-10-19,-11.195837143958794,3.9209342744921445,-7.034961062380759,32.15182655638747
2000-10-20,-10.36532364109215,3.9385418164249626,-6.99836058309946,31.61518772930663
2000-10-21,-8.3824104087422,2.8204105396211183,-5.563605822882963,31.454364684812724
2000-10-22,-8.47526541832317,0.06650497193993798,-5.60848825677767,29.25967562095191
2000-10-23,-9.610393669061278,0.1152470513413698,-5.921870283219697,29.560066799990185
2000-10-24,-10.430196142434802,0.15739969523449115,-5.4089607143584475,29.056609513114466
2000-10-25,-11.800385245224843,-0.19994911618591704,-6.8709350138035825,29.405438780249717
2000-10-26,-13.949344506679665,-0.4379003674679233,-6.564327957843913,30.904632484832398
2000-10-27,-13.293594181190343,0.8756479740327137,-8.042072955551724,31.038220392389473
2000-10-28,-13.402699624070271,-1.496055835734661,-9.241909215025698,30.258495257912966
2000-10-29,-14.371360292055334,-2.459174796937202,-9.38964408837769,30.53573400845915
2000-10-30,-13.811383424834428,-4.221100916700698,-10.058225817943729,30.165015950027627
2000-10-31,-12.828872429709213,-4.357832253107625,-10.364285441432243,30.727149749269955
2000-11-01,-12.786163280011076,-4.172993227658858,-8.943259666695173,30.39377582292637
2000-11-02,-12.957750178112745,-3.5262962995107228,-6.724802733963754,29.565814483170502
2000-11-03,-12.572523485130752,-2.6514631871161365,-7.170143928707318,27.790497929645852
2000-11-04,-13.738747804284174,-3.1149763330140114,-6.247414734463446,26.465012992880492
2000-11-05,-14.610280768189199,-4.533886976998421,-6.942081295128553,25.998434805065024
2000-11-06,-13.588986209533404,-4.15100985303904,-6.464654863623126,25.812797942674383
2000-11-07,-12.811895119949524,-5.710681178686612,-7.573386447758163,26.202194128536654
2000-11-08,-13.66780008653843,-6.759937130167302,-9.329744818590706,24.38571119904287
2000-11-09,-12.799393948362171,-8.76028141460042,-10.50935709618629,24.257760265626274
2000-11-10,-12.374251543545666,-9.682223987219981,-10.668052222171735,23.377951315547975
2000-11-11,-11.869439606553204,-9.968473716173316,-9.587357783663933,23.63319427737905
2000-11-12,-14.28823503751184,-11.249619087848792,-9.776736326125077,24.556441790997685
2000-11-13,-12.057980619865582,-10.249278211803219,-7.947883786663734,25.586928863349563
2000-11-14,-12.3798823803568,-9.756530345975586,-8.044384845099739,27.68556154791122
2000-11-15,-11.395764464236429,-9.114024425551236,-8.62197224178375,28.83254649644012
2000-11-16,-10.452014857960547,-9.096274983525783,-8.162405564837632,27.71791532519509
2000-11-17,-11.487748723676587,-9.30124902470278,-9.437990991275864,27.905809781652756
2000-11-18,-11.972241875774564,-9.288327006524502,-9.507792812670571,28.46713815052605
2000-11-19,-9.557232099653525,-7.479314023855659,-10.326989300911398,28.613989068611676
2000-11-20,-8.89462912305244,-6.989369695459074,-11.61886019569873,30.818738948883805
2000-11-21,-8.40390092372464,-7.524006783487629,-12.622776029801262,30.465658848327276
2000-11-22,-10.854286703938664,-5.820879263201981,-11.695432110532868,31.42635957203846
2000-11-23,-12.00487878993716,-7.429288873676773,-11.894518567420869,31.264937917584952
2000-11-24,-12.289431621283201,-6.799015471989025,-12.628707458047675,32.61490038835083
2000-11-25,-12.135463741468435,-4.976351220794142,-11.377700719089809,32.984537664933875
2000-11-26,-13.192172083710796,-5.34291398809285,-11.323418279240473,33.40827360905182
2000-11-27,-13.210978964651218,-4.622165719056923,-12.666254724562217,31.746047607215047
2000-11-28,-11.994937270883366,-3.806782260077579,-12.449377281824978,33.17204941433991
2000-11-29,-12.894627905341896,-3.789070898337074,-11.980942590560732,34.14412250038751
2000-11-30,-11.914707494649537,-4.040032455091689,-13.368904179227448,33.17406809589457
2000-12-01,-12.937671055654706,-4.446732831083777,-14.449435968493237,33.96075502621508
2000-12-02,-13.27181703076337,-4.33148355708031,-13.74410582633383,34.79461788572357
2000-12-03,-12.695331407426035,-5.295472585671437,-13.93841643276767,34.14565759417466
2000-12-04,-12.723613527158003,-5.012628168467349,-14.829250356926826,33.92883164667987
2000-12-05,-10.85962343055683,-4.251793147753988,-12.658124915805548,33.81312847931929
2000-12-06,-11.687371862320768,-3.662513802207683,-13.6561739075202,35.10791109572734
2000-12-07,-12.260586375616375,-1.8294314312582742,-12.053125114227852,35.45422505745875
2000-12-08,-11.084271209372822,-1.736839272855754,-10.635158755756855,35.72991365233927
2000-12-09,-11.024297373010747,-2.9764055476802005,-11.230425673941683,36.41930393579765
2000-12-10,-11.947410902309507,-2.4890248934133545,-11.133752301857958,36.95481502995325
2000-12-11,-11.386569488237932,-0.9116746282123471,-10.276156217453781,39.11756437407177
2000-12-12,-11.91859987888552,-0.434303852491338,-9.269337355678232,39.25597349582222
2000-12-13,-12.019710918023774,0.41879269500210453,-8.499194417502746,37.74479883531499
2000-12-14,-11.992842460616174,0.9102909546167848,-9.36858841905411,37.67405014647206
2000-12-15,-12.164082691815828,0.5462600076949102,-8.999134721897512,35.66247743553167
2000-12-16,-13.046708493133215,0.9713351490722022,-9.303904133741936,35.424369779843985
2000-12-17,-12.426518021159836,1.2955642359409514,-10.004027393076734,36.539346770943645
2000-12-18,-12.22579193673021,1.0143194695047508,-11.778839437900327,36.8231842866485
2000-12-19,-10.619035736322271,1.4659142036874961,-12.125001897019322,37.33970834582016
2000-12-20,-10.994507737021967,2.2740593662924513,-12.454890846099994,37.481870710949934
2000-12-21,-10.743134892840526,3.137582444709481,-11.410673403085354,37.69486337423348
2000-12-22,-9.324408693253996,1.797835061074355,-10.536569713863472,38.539610688731145
2000-12-23,-8.537272007685582,2.065304720045144,-11.107161171823662,36.51473894132614
2000-12-24,-9.837341746879039,4.807090846676523,-11.576580378743396,36.346720429262554
2000-12-25,-9.588346935846028,6.330204622629401,-10.724876520771728,37.25905737232074
2000-12-26,-10.66554485535748,7.534594318249189,-11.980283919220312,38.538816496754855
2000-12-27,-10.143665621876687,7.839977062818361,-12.649853228074106,36.180725853289445
2000-12-28,-9.727079406998607,7.754464131657955,-11.69595422288223,35.19913533996479
2000-12-29,-10.028885686440024,8.194766184005521,-11.36246980985681,35.19398887480211
2000-12-30,-8.899676111450319,8.333614924252958,-10.050475780761184,35.306823462640544
2000-12-31,-10.321618961643471,9.415605624781293,-12.453075491403602,36.218717885655
2001-01-01,-10.822257810421984,9.760288540110382,-11.280831820742673,36.8678787899485
2001-01-02,-11.691343563261572,9.442825957964509,-11.616026830687577,37.98178147751788
2001-01-03,-11.26896773988739,11.032227509411854,-10.471997894810357,37.52403536291313
2001-01-04,-10.488466809479965,11.558717848428405,-10.771038500388022,37.87945666983014
2001-01-05,-10.892450238021985,11.18077738797619,-12.059564644227912,37.410661641881376
2001-01-06,-8.78791485960315,10.674867592500124,-11.209263873870537,36.5571930483632
2001-01-07,-7.576839348900154,11.585907503016283,-12.891282024481447,35.4603356291171
2001-01-08,-5.4587447858238445,11.704990470500054,-11.75276133844563,34.22422828869958
2001-01-09,-3.1186035350636474,10.829582606945506,-12.517265049787127,36.33413340261296
2001-01-10,-4.548903098688587,11.461387991173883,-12.762324958437539,35.91490812080012
2001-01-11,-4.378722898647827,11.492004789163053,-13.277674046169938,34.65483630394621
2001-01-12,-3.19725605181465,10.893818744159512,-12.03823316721516,34.86469117564231
2001-01-13,-3.618996023975282,12.527055504608532,-12.136999741321327,35.341013048560015
2001-01-14,-4.438558532129403,14.250836705729341,-12.975613287992623,33.53597669570053
2001-01-15,-2.800647646830522,12.253805352799608,-14.37725422614998,35.17882749153057
2001-01-16,-3.0337135383300065,14.377225466512646,-14.696608932021304,35.51446003416394
2001-01-17,-3.2931654947529703,15.180992224384225,-13.357640923378709,36.63143786853621
2001-01-18,-3.0013767783300627,15.84383784415301,-14.848395017258747,36.261079845305694
2001-01-19,-2.356878518966191,17.214271972864637,-16.35742269826068,37.30789033726256
2001-01-20,-2.7931883994102518,16.782464557940692,-18.92582068235025,38.89380261595476
2001-01-21,-2.673384947884019,15.67619067058886,-18.683134696107608,38.389508274956164
2001-01-22,-2.791837638845159,15.762392399556074,-17.488185349569463,38.58018243484708
2001-01-23,-2.010142544338296,16.844276329555168,-16.441594805024796,37.087731406343174
2001-01-24,-2.0046623864919906,17.724207812162142,-16.36590025474426,35.77961997114642
2001-01-25,-2.5269991786828054,16.01326603898223,-16.58305371402906,35.006807417214226
2001-01-26,-2.1389473223142583,16.099291227944,-16.294723596602584,36.107329684481506
2001-01-27,-2.27285448585852,16.60551769440666,-16.632289231459414,35.31067001432712
2001-01-28,-1.4159488210842293,16.72574069934032,-16.711249545321934,38.00961194709033
2001-01-29,-1.330883642933266,17.07599590805917,-19.560191391830724,37.75911894164499
2001-01-30,-0.8738410024666482,18.717659893361606,-21.962486568675324,35.63135986071062
2001-01-31,-0.7821325294002666,19.437281662010523,-21.325292733424817,35.322952060076105
2001-02-01,-1.7321678227049582,21.735193860465785,-20.162976233655584,36.00957871550462
2001-02-02,-1.4349826161820283,19.881265241437486,-20.89594191905811,35.656569763876576
2001-02-03,-0.22788348777735679,21.880298680126344,-19.975185024844738,35.79990924407798
2001-02-04,2.4547770500155703,22.69797691135064,-18.81068736046885,37.229003547485235
2001-02-05,2.413102104272219,24.312648131843464,-18.366200290396133,35.30157538607193
2001-02-06,2.5427217665177455,25.07046496898417,-18.582880977826193,32.77645670316126
2001-02-07,2.843069617699201,25.0183537988944,-17.947789008190313,32.96800203459441
2001-02-08,2.7457533746342087,25.050264513824025,-18.74277672002501,32.26120156622897
2001-02-09,2.17956490888623,24.158792754525763,-19.101802186712934,31.022997287051613
2001-02-10,1.2810920335976743,23.468342487137054,-21.38615771477537,31.491737705137012
2001-02-11,1.6138117025684182,23.3407113189072,-22.11929634007198,31.09948256538092
2001-02-12,2.037674358007387,23.939766883995304,-23.201561035097736,30.450987250124335
2001-02-13,3.0145722722656294,23.765608889140207,-23.748128744883665,32.36254714807399
2001-02-14,3.6740334204681195,25.815006758205232,-22.961579014443,32.003072651137046
2001-02-15,5.509926704818239,26.321529828828673,-23.014961017619623,33.33335112303216
2001-02-16,7.293125265740235,25.66860453915733,-22.21794888321987,32.979492699183
2001-02-17,6.543964457670307,26.439790329411476,-22.18819142769184,32.01106327322764
2001-02-18,6.891178803372365,26.048223162791967,-21.102858251041972,31.912548692545403
2001-02-19,6.603966038337348,24.689039694568557,-21.241308585157995,31.492844244908664
2001-02-20,6.911781045452296,24.18517266702913,-20.193592802304167,32.32017408345058
2001-02-21,5.937381467546545,23.884964597340694,-20.27445930743918,31.44343974604153
2001-02-22,6.751848396052726,21.403059383173257,-19.9721884668943,29.093715447559106
2001-02-23,9.021086355265236,22.92064989793027,-18.909640794077877,27.86623074611241
2001-02-24,11.334795452201968,23.091878910790538,-18.126405213724976,28.07642543105623
2001-02-25,12.031197967541502,23.227432125072845,-16.962915293868065,27.823081034297395
2001-02-26,12.661356677449987,22.773103283866046,-17.90621694875785,26.638362839867053
2001-02-27,12.00564607047016,23.418958177570765,-18.741373043199054,26.20453648044862
2001-02-28,11.897135824811269,23.895785913695203,-19.015886710883706,27.976531058665394
2001-03-01,10.293278750225012,25.085506988094814,-17.429813667195518,26.496423701041437
2001-03-02,10.42375180492251,24.56649787855255,-18.05130407202447,27.012686254444056
2001-03-03,11.388823354632798,23.98118145053866,-18.010113151071753,27.857040095123548
2001-03-04,10.698179128386167,21.79417486201013,-18.34310237092059,28.979315427306048
2001-03-05,9.688966858511225,22.041691351861967,-17.159531777823776,27.930624413405013
2001-03-06,10.495068496473092,22.422115566892817,-17.23443008213063,27.98054613346599
2001-03-07,10.118329483669338,22.230192189895675,-16.22539547987251,28.305546885857243
2001-03-08,9.038866481418006,23.513116585995732,-16.220034454519524,29.20699207329911
2001-03-09,9.16191156473592,21.749005516669673,-16.241306984632544,29.30364167395986
2001-03-10,9.963670450357101,21.886666479138302,-16.28692384678006,29.669888483789705
2001-03-11,9.368830304762003,22.327920951506098,-15.695430201973425,29.761271624159004
2001-03-12,10.339734005691003,21.693844796062102,-16.147014703703185,29.76925927676868
2001-03-13,10.961661677509335,22.857000612200853,-15.621830927599078,28.2460393329208
2001-03-14,11.596909788070192,22.839269210166034,-16.843256358676054,30.416656873725767
2001-03-15,10.052857808549788,23.50384582726171,-15.83575219098768,29.062437100788003
2001-03-16,8.29443730064168,25.085187856766012,-15.693231258906133,29.097598972394135
2001-03-17,9.275597282922638,24.17415991606507,-15.736085274583623,27.06890702414976
2001-03-18,9.255942145162347,25.067800614444526,-15.093912590966916,26.417420273591286
2001-03-19,9.231332059689029,24.641703424868684,-15.2409293462665,25.195181111672667
2001-03-20,8.747329246978985,25.190701299566904,-15.106032888454664,24.866755748332054
2001-03-21,9.866130019448278,24.10545675857553,-14.237908037091756,23.914403998839276
2001-03-22,9.410879588748115,24.16893120361684,-14.945774743136631,22.571535156948727
2001-03-23,9.856940073263099,23.048594866823763,-15.053681785102786,23.420493023669426
2001-03-24,9.948861226192975,23.0903898293829,-15.167571769829992,22.441782916478708
2001-03-25,7.001224407339372,23.364930583617443,-14.999071093060948,23.886039337947047
2001-03-26,7.704918974759246,23.46132670912844,-16.463809045924254,23.50100611324173
2001-03-27,9.439037722853008,25.40244775465149,-16.111362447967778,24.290114147823445
2001-03-28,8.864844791586432,24.31589687597329,-15.502966781622625,24.012949659610655
2001-03-29,8.477627568705774,23.9704649841699,-14.104059502262434,21.708724307338475
2001-03-30,7.491357434712717,24.023463161962596,-12.033830565390506,22.88713239120284
2001-03-31,7.39382280128223,25.5400829861344,-13.425699007261697,22.541655849155344
2001-04-01,8.412760588951897,24.046678103850862,-14.299392153379603,23.15135455040814
2001-04-02,10.103901955577081,21.391069715496474,-14.64423209292295,21.18562885564274
2001-04-03,9.17228035776673,20.504838929555866,-16.021068004695703,21.485393842371955
2001-04-04,8.415960237260574,20.982946990005427,-13.804453695454217,21.086553581943257
2001-04-05,7.6781673525666445,20.89628730891248,-11.496272362346662,20.36024684986024
2001-04-06,7.342704444112051,21.414183197262762,-11.410967031607633,19.198666040032982
2001-04-07,7.7314450158494035,21.938129035173702,-10.700551275466877,20.515857279339635
2001-04-08,7.740623983780011,23.838377879583184,-10.869534323047205,21.606394366800934
2001-04-09,8.709497301393322,24.570210502512126,-9.737362503791564,23.21661057931699
2001-04-10,9.31152246956921,24.049505287664687,-9.876469783227696,22.1654028206374
2001-04-11,6.609589815807594,24.086313796787348,-12.080304144574882,21.552956438911103
2001-04-12,7.675115316363172,24.244116313237377,-13.238301300669088,21.764855221091437
2001-04-13,9.01412908696629,23.878765935879237,-13.19862923982394,22.71460856038072
2001-04-14,7.834926224401747,21.24111006214867,-14.167727722636089,21.24689171355305
2001-04-15,8.34016288851728,21.267791056388848,-14.351037902083553,23.540853644426218
2001-04-16,9.110986516747996,20.324206197869692,-13.971660422589101,25.140128589459284
2001-04-17,9.08170440022659,21.838910375261406,-13.539034731989727,24.5486809244397
2001-04-18,8.022373998806874,21.225205301235594,-13.994990730361211,25.774732940900257
2001-04-19,7.667582910850884,20.566418707854957,-14.986761826785537,26.87591137076103
2001-04-20,8.767485441669322,20.531145441404803,-17.547190525286677,26.78346006154568
2001-04-21,7.057635505686273,20.884843622525707,-18.15127314409892,25.757371161114325
2001-04-22,6.630158125861771,19.79794568685737,-20.153511909568078,26.183989950011714
2001-04-23,6.980413267626213,19.652251975597753,-19.811237439288785,26.21453111122543
2001-04-24,6.335188230839081,21.267854557479883,-18.353072023506115,25.615711655784608
2001-04-25,5.341288696990015,21.032500493054002,-17.834847316956086,25.285635236733324
2001-04-26,6.024733162345748,19.166663730164622,-18.103553116379615,23.418045155327142
2001-04-27,5.986632110263183,19.185892320407877,-16.35096303323857,23.43529824032669
2001-04-28,5.22915819908042,18.811080727134264,-15.984552174120774,23.155165945563656
2001-04-29,5.060110012647298,17.966418707530252,-16.001534356515734,25.12256269777534
2001-04-30,6.086999539053898,17.802449413627382,-17.986395455161805,25.710675933175246
2001-05-01,7.539958623219968,20.82047018159203,-19.266685051066514,24.51084285259926
2001-05-02,8.17448571831358,22.063538938716086,-19.185093689473376,23.828967545507485
2001-05-03,8.11691378161765,21.923992897347226,-17.136907087112156,23.020367360710104
2001-05-04,7.936792056121823,21.631211533231813,-17.24251260787486,23.985102862526606
2001-05-05,9.42915236085429,22.462242054246808,-16.469071021407228,23.460296259527315
2001-05-06,8.45268178971841,22.371676753166742,-15.089765071203859,24.16268398645469
2001-05-07,9.954938535334406,22.453014540026615,-15.33920872023895,23.34614346257406
2001-05-08,10.856911742832553,24.08753228464615,-16.05873212048096,21.714614225364382
2001-05-09,11.568786317589732,24.06319934546949,-13.680789097515056,20.776878234152097
2001-05-10,11.118649497350011,23.307497753303917,-14.977071961315922,21.536624920387762
2001-05-11,13.391656191541122,22.44580236800117,-16.81575838124812,22.433943461802755
2001-05-12,14.230540976122949,23.934513220345046,-17.039122551658238,22.83597038003939
2001-05-13,14.363571224412986,24.50395401284866,-17.163925834214034,23.36650732766244
2001-05-14,15.012792453639268,24.13608423711007,-16.312589269798988,24.448177510641706
2001-05-15,15.603046655374323,23.85093864748163,-17.519214789860214,25.194516282939972
2001-05-16,17.316052897467376,25.154795774757908,-19.269151238472144,26.02328983613771
2001-05-17,17.282945741797274,23.400299059730436,-19.636820839632303,25.91902661103429
2001-05-18,17.187524928948424,25.01189926940957,-18.630820535621336,23.40512356423224
2001-05-19,16.30766662478814,24.26802171049214,-18.485907066930668,21.378231644270265
2001-05-20,14.913338639929899,22.96710761550531,-18.107690930989932,22.788021668713128
2001-05-21,14.302489043037806,23.451436625197697,-20.099692693097133,22.948557547757176
2001-05-22,13.49686277025177,23.505682839288646,-22.027112300202234,23.949636138808422
2001-05-23,13.745703367185937,22.185471477700105,-22.30927998170412,23.300966585720893
2001-05-24,14.985398914904616,22.874149424669802,-22.477365344834816,22.471400067613615
2001-05-25,16.08301229130506,24.286455709151113,-22.199756580739304,23.600472679623262
2001-05-26,17.08814772456091,22.159529284799817,-21.79642180441703,24.03956457036514
2001-05-27,17.900048303317945,21.232885308515424,-21.86782926614261,24.520561076244814
2001-05-28,18.828444497613493,22.176748749625588,-21.903883667806607,25.05268376641367
2001-05-29,18.02836134598721,23.10482669399896,-21.85396409259649,25.56151975140314
2001-05-30,20.30259054787988,22.124696551870223,-21.837309017368003,26.33596477284545
2001-05-31,21.85228309830368,22.43217485184299,-19.74294571055383,26.209200800371235
2001-06-01,21.82468631454293,21.709147770239074,-19.38883610703668,26.12961287839045
2001-06-02,22.359132742741618,22.596055378561648,-20.134574602111115,26.757131087503293
2001-06-03,22.055317247149517,21.309356109042664,-21.4007024140201,26.020077193496807
2001-06-04,21.218507025609643,21.579696292977875,-22.10934429475249,24.765297026337187
2001-06-05,21.991608781400007,21.073713725489327,-20.506900142814853,25.71427525973675
2001-06-06,21.575898660093706,20.35322157948135,-20.289824503189344,25.466950014394
2001-06-07,22.159513780827254,19.50274821957647,-21.925217170214403,24.432823476721573
2001-06-08,21.379926617229938,19.188474390347537,-21.35983406132944,25.094821831688098
2001-06-09,22.01693851832392,19.14021756553345,-22.36631496344499,23.86707566510315
2001-06-10,22.271561596826647,17.937802582982968,-22.820334336564034,24.701027315718115
2001-06-11,21.73503622450191,16.278126120389647,-21.752010298842624,24.418868303065544
2001-06-12,21.157434581207,14.78597064528952,-20.79435133891731,24.75333099693464
2001-06-13,18.989460623626893,14.42530938982034,-21.40646624621427,24.233683927057452
2001-06-14,18.430561152249716,13.456802740556444,-19.33287683331019,23.59051605665976
2001-06-15,16.594988115492697,13.370380391939534,-18.399312818597277,23.584407594465343
2001-06-16,15.866953569484924,14.560308027994063,-17.9532882857384,24.869816939341995
2001-06-17,16.969005992130562,13.770194937933361,-18.144008770701205,25.32594537000802
2001-06-18,18.566159787628287,14.400708365982192,-18.976532269606107,25.892696973830557
2001-06-19,19.222375824891426,13.170554022840848,-18.549142492134084,25.42165351225776
2001-06-20,20.086067475769777,13.497001678631348,-19.110342884983407,24.231048708502964
2001-06-21,19.25950472107597,13.064212898669192,-18.241507393971784,24.078888041300424
2001-06-22,20.926885994956574,15.137593789490378,-17.59859354859864,24.2257254371576
2001-06-23,21.435049315971177,16.664429496180958,-17.119195964905156,25.005721921929393
2001-06-24,21.696828525664206,16.964494240013575,-17.431646504856502,26.02248764036115
2001-06-25,20.933336005540653,17.272841728666585,-17.49872514840893,28.134592342977985
2001-06-26,19.59037213567013,17.195552388678713,-17.252961846739556,28.63523102510532
2001-06-27,18.855649319859378,17.059987686088483,-17.573510428583518,30.31357226110139
2001-06-28,19.721762371140457,17.165577318481727,-16.02961186290988,30.68135779931855
2001-06-29,22.73678942793039,16.17779562712757,-15.228565654937272,30.026371066994397
2001-06-30,22.3389388064401,17.5489565135973,-14.458435219532229,31.29518546863235
2001-07-01,21.513396174420905,19.552048945214732,-15.148968706268352,31.106244543896015
2001-07-02,22.216138029387622,19.727043403813386,-15.845060877660316,30.26094466634595
2001-07-03,22.51566876339622,17.219099902960277,-18.274610551771765,29.66497064979356
2001-07-04,24.276358702353246,19.7051911937428,-17.58569295507915,31.579609085148842
2001-07-05,24.256537299815182,19.902526764238686,-16.66087278548686,30.394642670571084
2001-07-06,24.498181809325203,19.763555002809376,-17.68946983294514,30.123486537831777
2001-07-07,24.713867617790577,19.083434768310816,-17.28865956222713,31.101627844296228
2001-07-08,24.653744121112528,18.582983777230524,-14.423944026831197,32.9158802651535
2001-07-09,25.29328746485009,19.035232878137087,-13.253554760013685,33.714566184283605
2001-07-10,25.442675505961557,18.595102029835317,-14.74847311200767,34.379085910055124
2001-07-11,24.443196362504256,17.482859833781095,-14.367168663907597,34.871256187405876
2001-07-12,24.140743992776375,17.76675038493561,-13.840439528122413,33.93754328471398
2001-07-13,25.111322496718618,16.602450811691373,-14.347478045013661,35.26571430128411
2001-07-14,23.86931564863805,16.803717608332647,-15.918280997147082,35.871266170290156
2001-07-15,24.029525480650328,15.711800373169888,-15.701739481748866,35.78124732573938
2001-07-16,24.200514767655097,15.522489693843399,-15.430257727737054,36.9230006179764
2001-07-17,24.002188989127408,14.935618160838185,-15.51205375435796,39.04254255613931
2001-07-18,23.90125598622793,13.864934022905231,-15.323105864408612,37.78475835201007
2001-07-19,25.087964352623395,13.834418543825494,-15.237969579178555,38.55409637748876
2001-07-20,25.929741798720762,13.822241109896389,-14.84591467901774,39.03440043196298
2001-07-21,26.98674493247392,13.643530285661987,-13.269099927176008,39.01384268318805
2001-07-22,27.46995126900634,15.18838449541579,-13.670304224588048,37.304687677302795
2001-07-23,28.034269518130852,15.804550379463281,-13.2162663565543,38.17659525856182
2001-07-24,28.82607807477495,16.502506959830367,-14.015977765545564,40.13965601051284
2001-07-25,29.680353803966618,15.952894312325814,-14.33389381106991,39.3594225823879
2001-07-26,30.74114642065611,15.374802120989122,-13.079212903844244,39.740609043132565
2001-07-27,29.894551921993017,15.402098651036544,-12.063509579442263,41.46519070665118
2001-07-28,32.328924170251085,13.968482610248719,-12.1661122582435,40.790735128263506
2001-07-29,30.583408578186425,15.415633490394722,-12.070804408474151,40.15253796160039
2001-07-30,30.96445920748577,15.231643583791591,-13.823627260048237,41.23244394849953
2001-07-31,31.005104581044336,15.445073376564144,-15.0721508607862,41.689541474729616
2001-08-01,30.95718096145729,15.930734575642967,-13.81107586859266,39.50474513979084
2001-08-02,30.419129858248454,15.629125243358615,-11.572627277400313,38.27127100687001
2001-08-03,30.427184124917957,15.975872466344041,-11.925362313563777,37.62136657679854
2001-08-04,30.552973792809848,14.110845271788845,-12.600832759717347,38.82972445816859
2001-08-05,28.9779619467363,14.306304227702364,-12.35958517111576,38.443273821809505
2001-08-06,28.965611558021426,15.150307948547729,-12.129471560033025,37.54588045956599
2001-08-07,28.07261125339497,15.383849067448622,-12.531494493555902,36.85652533762494
2001-08-08,28.546083697302027,16.69697982291032,-12.9612485480448,37.93218419790914
2001-08-09,28.06657369611961,16.16091683917437,-13.966503675009152,38.823979759361926
2001-08-10,26.94700615635123,16.00368805220129,-14.27492102488397,36.19452858751332
2001-08-11,26.70879715956692,17.84728740338795,-13.99613276326036,36.30767218414659
2001-08-12,26.768841703191455,18.800758658167084,-13.943216265402747,37.58514796643055
2001-08-13,26.806647351858196,18.19502799132054,-14.638452832405463,39.3759177575808
2001-08-14,25.763345123994245,17.790844802482834,-15.440026259395225,38.467108704623556
2001-08-15,25.56451323150135,15.739780435976161,-16.056191898855534,38.119034091986045
2001-08-16,24.130778773404653,14.50463665622616,-16.66804254930291,37.899923221355664
2001-08-17,24.586272022134168,13.947004962643977,-16.482263648812754,38.30985365103427
2001-08-18,26.618972804754943,13.667967983981894,-16.814407005348578,39.9354470397993
2001-08-19,27.41354191676863,12.006982421345302,-17.983335835437387,41.50494060553301
2001-08-20,26.779591532923344,12.624652292004551,-16.716927200891085,41.76828187255739
2001-08-21,26.801480623963204,13.240494269364891,-16.34477642590244,42.94541101035352
2001-08-22,28.432798885209614,12.61694354393232,-16.41967811236892,44.439878869636004
2001-08-23,27.62713224017269,14.723530837799343,-17.655993626290055,44.6892443456933
2001-08-24,28.212550034071917,14.757279014029134,-16.6639467694578,44.875350346459065
2001-08-25,29.049150913639345,15.036907400322388,-17.148267009112317,43.164239662272585
2001-08-26,30.328610846841514,17.363182485085293,-18.21612104044501,43.53086969255256
2001-08-27,30.155934181407545,18.276886885257113,-18.188398872475524,43.10642004371161
2001-08-28,31.96833082144925,20.284762224385915,-17.49147671038312,40.879528061398204
2001-08-29,31.963652505104623,19.61199819986936,-17.126127068584264,40.39139355654983
2001-08-30,32.0471053322623,19.195205363029928,-17.10997472523422,37.15114765518357
2001-08-31,33.669107229501215,20.717192617505507,-17.865761475055805,37.90578319624957
2001-09-01,33.97633640182311,20.395210212758,-17.741332606187633,37.83170543328657
2001-09-02,34.69644627512364,18.63111935438086,-18.745398170274786,38.59563853423332
2001-09-03,34.2575649859403,17.60368218296033,-19.947071419874394,37.69569986033387
2001-09-04,35.45648626087896,16.800459363087313,-20.406950891343243,38.40760875790173
2001-09-05,36.480047185847035,16.113369881402587,-20.607753154990686,38.26189796085323
2001-09-06,36.01341417797711,17.65098318017732,-21.387196503987298,38.367272318067116
2001-09-07,35.61791371461345,17.004174458935086,-22.236110984246515,39.01882739645698
2001-09-08,35.12160986148769,17.58688227085125,-23.87329576903866,38.274044751256014
2001-09-09,36.01749320599188,18.788612291990322,-23.65123682014908,38.10457638993759
2001-09-10,36.09883441224149,19.055653579220536,-24.929884273754016,38.04324282462699
2001-09-11,35.432587735581315,18.345866472768215,-26.321931774769098,38.410931502346
2001-09-12,36.88071383814189,18.1561134956283,-26.743710114142463,38.054998710269174
2001-09-13,36.389717034655355,17.278904310254564,-27.260053204712918,37.61564622412346
2001-09-14,36.07326258057182,17.960311224775957,-26.839652523536962,36.751199725799644
2001-09-15,37.187638563457234,17.600938575807152,-27.565363676607348,37.18054246653231
2001-09-16,35.47427153844903,17.809578342724727,-28.354341895200708,35.52264663596137
2001-09-17,33.80835014475686,18.14178689422881,-29.30375255406137,36.31969382274962
2001-09-18,34.91836553987996,18.4549206408099,-29.786586841953866,34.989317522334154
2001-09-19,33.5770268279731,18.68390935624449,-30.51497607177628,32.35236857636289
2001-09-20,36.162141670784294,18.49665695018931,-30.002567250541155,32.994111311102024
2001-09-21,34.69210099408765,18.05580923956427,-30.383153271987354,32.219449917611506
2001-09-22,33.94885477912549,15.249447130734998,-32.46388731883682,31.979806424906943
2001-09-23,33.476335242601856,14.57292302645921,-31.88176205788158,32.26288234106393
2001-09-24,32.7509966400807,14.646190947016413,-31.332463170189584,32.34102891335341
2001-09-25,33.11338247939209,14.648282919560325,-32.65994480561911,31.909908991625123
2001-09-26,33.918288411203484,13.713422999178372,-34.24761228550078,32.387522156395285
2001-09-27,34.24293057014395,14.414375066593966,-36.63113048686622,32.049936280396146
2001-09-28,34.68393140743067,14.505585627237211,-35.71150981873851,31.96321720703624
2001-09-29,35.41829010545723,14.861094744326802,-35.61804763495609,32.340082437207705
2001-09-30,34.32938197598786,14.828638066943189,-33.56720556133286,29.016043928891982
2001-10-01,34.792757496822205,14.431432421817872,-33.107635816059386,29.764546230563436
2001-10-02,33.36210450241067,14.644228241761148,-32.22934841500122,29.337632526257465
2001-10-03,32.92595639068128,12.893986014528535,-31.886738820954022,30.048142383546516
2001-10-04,32.22216914793505,11.553048121258358,-32.418527234141465,31.32530202146312
2001-10-05,32.69417188972455,11.106803536947458,-32.85056830573008,30.616007973032534
2001-10-06,31.858811781500116,11.031154066276422,-32.9443494732482,30.23015581879668
2001-10-07,32.97968876734569,10.769721819546236,-32.621522511515586,29.63368869867585
2001-10-08,32.0651050663257,10.335489521277365,-33.10511354140616,29.46295257482747
2001-10-09,33.499524804489695,10.846653942734674,-33.186826806067685,28.404775199114177
2001-10-10,33.365439829414925,10.38202551378299,-33.90165676325958,28.981041117620055
2001-10-11,31.010464959243272,10.004608133344,-33.882883834278225,28.066774949710002
2001-10-12,31.36067993076504,8.970758969152504,-34.45422277248865,27.9206965727204
2001-10-13,30.3354098950001,11.020987501887399,-33.879343774552844,27.073329908503567
2001-10-14,32.41418640846652,10.60894038696573,-32.43160211212994,27.65451886636882
2001-10-15,32.170991271056295,11.571013340442885,-31.43608098314859,29.309453330397268
2001-10-16,32.3091008680819,13.867775878732965,-31.879543633289973,29.746652726832025
2001-10-17,33.06852882812695,15.46195814496551,-32.001014625809155,29.25455171807414
2001-10-18,33.066007681760944,15.719217349561898,-31.601938722752912,28.796426300835048
2001-10-19,34.03902848386243,16.254526290490546,-31.57265855502765,28.101850550870115
2001-10-20,32.68354564848481,17.873513288766492,-32.38726070873008,26.72609216443856
2001-10-21,33.34430608609044,18.3098655356468,-32.9285637457233,26.69599272851677
2001-10-22,33.139635142142176,16.442190940114315,-32.918784754145186,26.518837747136264
2001-10-23,32.04879529638532,15.548225198912089,-33.83859353313903,27.93410164690755
2001-10-24,30.94498980842791,16.186790482364675,-33.12890545665695,27.33236220632352
2001-10-25,30.91455289124351,15.759708648332794,-33.06153359460914,27.73251886996788
2001-10-26,31.605865031803987,16.704646416719008,-34.0118869581527,28.120010032022797
2001-10-27,31.258946318737205,17.95217605684259,-33.1583727733066,29.881431839325174
2001-10-28,32.62070400788771,19.032116879685443,-31.636428852459414,29.543193018922533
2001-10-29,33.37008331929684,19.67801712559919,-33.071905211085074,29.985435217784744
2001-10-30,32.534264452432616,19.47635763239282,-34.341517311318334,29.764383487733134
2001-10-31,33.82468595264979,18.46505527166954,-34.0110808741582,29.239390726101174
2001-11-01,32.588974154439114,17.3406355451947,-34.13297475946695,28.974576629350278
2001-11-02,32.263151417001225,15.512225883183316,-34.59924914626579,29.057618816702107
2001-11-03,31.352427873288715,13.93543744667746,-35.44685397220835,27.625030733492085
2001-11-04,30.833231475334863,14.520733094185802,-35.54902975469473,27.188161308183318
2001-11-05,29.485210764880716,14.652658485480412,-37.48505264436611,28.051607627625913
2001-11-06,29.2135034827218,13.452425429151965,-39.236044175784684,27.22484580613683
2001-11-07,29.93312302532086,14.610934983567937,-40.039148528990516,28.119586104583693
2001-11-08,30.36838277189814,15.855915211478484,-39.509696068561034,29.139081882690082
2001-11-09,30.89199329464817,14.136481013735693,-40.03137872622777,30.33087628932061
2001-11-10,30.109681993772735,15.690546884255756,-41.46464700499715,30.608888177701285
2001-11-11,31.774893546700298,14.336959709711662,-42.54102222890717,30.25317943131894
2001-11-12,30.99988739547371,14.067218893414001,-42.13790749946963,30.017056829000094
2001-11-13,31.095863082887153,13.746689733425338,-41.449749966568646,30.697224972963525
2001-11-14,31.50027690653674,13.480971116770247,-42.50798736766565,31.206677462649342
2001-11-15,29.849150982495377,13.00119425073599,-43.64844828211356,29.88915922493811
2001-11-16,30.001085975970774,13.24376794294976,-44.31033420514507,31.516033584565413
2001-11-17,29.762225191905102,13.733195150912174,-44.43003423734409,30.38530076996505
2001-11-18,29.618415596379943,15.289993107512842,-45.47914236256991,30.708545401761484
2001-11-19,30.538021530002748,16.495126938854277,-47.39348553449332,30.79038021592128
2001-11-20,31.003547018236638,16.05776606344343,-47.52179716093811,31.32432137251613
2001-11-21,29.755191465452846,17.175389085721534,-48.41522548451142,30.915316832514584
2001-11-22,31.644561725788794,16.752325236997144,-48.34614759846633,30.82223240630867
2001-11-23,31.625939361937228,17.19012461283575,-49.006379370881376,28.991041279755258
2001-11-24,31.124289255819413,16.902277417295824,-48.38795530829657,30.26622567500209
2001-11-25,31.611490623731008,17.853205459864217,-49.62619822034717,30.8766605175327
2001-11-26,31.565830685692728,16.912472393598556,-49.56557908349534,32.25237341819586
2001-11-27,31.791071799514352,17.102478089466576,-49.00244373886995,33.342719256595934
2001-11-28,31.150481382124546,19.50634410473127,-49.460792185928895,36.153200999654125
2001-11-29,30.775352563378735,20.775617613648617,-49.22386928727086,35.459275105005524
2001-11-30,30.717474951279193,20.28509515824017,-49.684056434070044,35.0292630937306
2001-12-01,29.724469330206375,18.668228669461236,-49.954529093645824,33.80612147012408
2001-12-02,29.528715159842275,17.612433995026873,-51.584542088359825,32.59574660077658
2001-12-03,28.037246707374365,16.76130539771716,-50.875900920701035,33.05001570121696
2001-12-04,29.18295619452758,16.196166321219092,-50.802631297067165,31.915347330953185
2001-12-05,28.338926913220913,17.310562546959027,-50.2299292234931,33.207410215939504
2001-12-06,27.12274448084003,17.03427290034858,-50.21435182632394,34.55418132329703
2001-12-07,27.33263193416674,16.10304626026145,-49.2551224025228,32.45340924527
2001-12-08,27.71347227888832,17.329205409883023,-49.69289054254235,32.19701022807196
2001-12-09,26.297227702514977,16.324577252860173,-48.332915068100206,33.66397344849038
2001-12-10,26.110984924230525,16.28284007986487,-47.052360841359686,34.03486668025774
2001-12-11,25.028041151730505,15.089289526508491,-46.26609965085032,32.01438560227183
2001-12-12,24.166687733543746,15.483742548416924,-46.065396435218396,31.9390087661516
2001-12-13,22.937755157541954,17.063857146146372,-46.34902107729391,33.703677022553755
2001-12-14,23.36968802030941,17.065785919224993,-45.43814088935204,34.571931602726096
2001-12-15,22.961581902135098,16.027019897119573,-44.87214136825394,34.35788246573369
2001-12-16,23.15464266701025,16.30572080394253,-44.212449460685335,33.93624007150181
2001-12-17,24.136728023896286,16.72745626442368,-45.51406787292893,34.794152705006134
2001-12-18,23.175861671074234,17.458549542453547,-44.156105860373074,34.64459182583992
2001-12-19,24.390673044018033,17.057481815530238,-43.28657263706177,36.24731186844896
2001-12-20,24.954081443697117,17.5859898985576,-44.16095078692612,34.583150494899165
2001-12-21,24.691161161773813,18.187592057596607,-45.1534889817775,34.670423483353
2001-12-22,25.455280093384715,17.335015988456384,-44.211030776423996,34.351221719502576
2001-12-23,27.259508447602858,18.537712124825468,-45.563113728747396,32.896290440201106
2001-12-24,28.869707661487546,20.375567216973884,-46.14868571790611,33.990168149958926
2001-12-25,29.529228230982927,20.741009650597036,-46.738293860971254,35.566104289518925
2001-12-26,29.509270876829852,20.574136958536567,-45.24082794922596,35.45308468545949
2001-12-27,27.153073475856072,20.306639812610367,-45.763658882876115,35.674880842033446
2001-12-28,27.312724925463826,18.986807087568224,-46.62540914763116,33.800219605047495
2001-12-29,27.14409676639405,17.969504946693398,-44.50966979950207,32.74580052158787
2001-12-30,26.384917142987653,19.287982621476857,-44.33587996804766,31.785364123418567
2001-12-31,24.2498599285935,20.982510020467792,-44.896569729466705,31.444405534583957
2002-01-01,24.619868760336562,21.09386531077396,-45.06797427746555,31.320784547897297
2002-01-02,26.893470023608238,21.767579336468817,-45.20039146949119,29.574210828540508
2002-01-03,25.99745034784743,21.594115786375777,-44.45936748511152,28.898214187638274
2002-01-04,24.16061757556224,20.077214352528735,-43.215385124599436,28.333355366070542
2002-01-05,24.272620618167977,18.275814129009152,-44.60915832344824,26.851028607480796
2002-01-06,24.883387800120637,17.75555231062903,-44.06391427490247,25.199335629824798
2002-01-07,23.89096763533088,18.70507657284328,-43.377509534993735,25.146253969801688
2002-01-08,22.381725267793872,17.11143544412805,-42.53097308682646,24.90188698000334
2002-01-09,22.275073798432963,17.584436119001097,-42.27492443856967,22.790387825092505
2002-01-10,23.36736633351908,18.053381686000293,-44.90201450221009,23.48345451566648
2002-01-11,22.31946831334971,17.411678910164344,-44.930739910441176,24.171334063031406
2002-01-12,21.620983392330434,17.812369980272333,-44.971670560914355,26.171998691405395
2002-01-13,21.283714970921377,16.781495490670395,-44.23407715942038,24.84327728545649
2002-01-14,20.117960361551617,16.131653915127224,-46.08243887846805,27.601704542067832
2002-01-15,20.689171690169506,15.381448078261892,-46.205514316565974,26.29244754914572
2002-01-16,20.362750031298777,14.83425646903576,-46.20897791424335,25.837305553817682
2002-01-17,20.37746385963307,15.117563618212348,-46.68406771075476,24.423679029702143
2002-01-18,20.172277421481777,16.21819403269567,-46.88149699667383,24.013527788330673
2002-01-19,21.63620103362967,17.58814200218311,-48.038024536445384,23.63162009421523
2002-01-20,22.931319219191092,16.299113090653638,-48.98377705321068,23.79855043478839
2002-01-21,23.0191486742683,16.107413921046916,-48.07987782856628,24.016412336619922
2002-01-22,22.799469591162243,14.924109670372317,-46.81306525552108,22.32699760664978
2002-01-23,21.926808776014603,17.12657484133493,-47.88273078451682,22.554606372654494
2002-01-24,22.247858404329786,16.98474193824061,-47.006542942942104,23.490833358231928
2002-01-25,22.8835951833531,17.444456471600628,-46.343268383916445,23.667538223770862
2002-01-26,22.882394732015428,16.185357378368575,-46.53796810400189,23.562091240571
2002-01-27,21.885144673505334,15.54703367134046,-46.38788281013671,23.434027285268467
2002-01-28,20.93215921264228,16.09196651453502,-46.52619100974074,22.58253592343364
2002-01-29,20.396594433978972,17.67729540988063,-46.427410635888954,22.981624203371965
2002-01-30,22.417364989443907,17.122643358667794,-47.56823876234647,21.221380610662386
2002-01-31,23.23329232985942,18.77819394625686,-47.994332748279994,22.02855221764501
2002-02-01,23.502510362028747,17.61317636252731,-46.93459973306722,20.959378584511843
2002-02-02,21.15379006499027,15.437401224961572,-47.555394442821054,20.469964456862662
2002-02-03,20.47195195075885,16.874024710870795,-46.84825206515949,21.99897600209969
2002-02-04,20.91951057148898,18.701994599197302,-47.842052973114676,22.404642381639253
2002-02-05,21.200600610892625,20.09497575804765,-46.178098396805915,23.432435421314803
2002-02-06,21.702642696743272,19.886460447554764,-46.90753959458159,23.709740808776818
2002-02-07,21.941627238382758,20.053862263612576,-47.25871615783906,22.820474836099233
2002-02-08,22.026685896651248,21.41945400921138,-47.3872320381809,21.836616114920425
2002-02-09,22.109268970150108,21.093695147025564,-46.88845849507095,19.83815900809623
2002-02-10,20.61655902889975,21.005359818930966,-45.41520694010708,19.914749499349966
2002-02-11,21.32916671574453,21.832017730865577,-45.663862006374714,19.560340823823
2002-02-12,20.695988614534613,21.67390251844805,-44.944940838501786,20.16176657725424
2002-02-13,20.42974147894124,21.84739145043956,-45.611471243554426,20.09049624806885
2002-02-14,20.79816386022206,22.710281397176576,-43.88855618479134,18.486110685561428
2002-02-15,22.105625997867705,22.29120114321075,-43.565330927404105,16.90938833592794
2002-02-16,20.57197790573756,23.17472382052792,-42.138397542379174,18.42210594511536
2002-02-17,18.581164876450895,22.761681175388205,-41.36966165408289,19.1168955905983
2002-02-18,18.611342844047712,22.484792172079597,-41.84932978877188,19.365819957046586
2002-02-19,19.289540241725458,23.428513145901604,-42.82249675147261,18.11821088424431
2002-02-20,21.147369952769317,22.719832228235962,-43.12939341600048,18.20389347962338
2002-02-21,21.08918215327055,24.189179359498905,-42.271993004369584,17.99670343177659
2002-02-22,21.587162697251706,25.63842442751553,-40.83695537732928,16.69022225074777
2002-02-23,21.405252784442695,25.795011243196186,-39.78930806387869,17.405398407992976
2002-02-24,21.314285230858292,23.68198712173015,-40.295853734371775,19.15594631995579
2002-02-25,21.124303442552925,22.11105366422127,-40.261133964567364,19.285116003248532
2002-02-26,19.639627440704686,23.13118923472811,-38.621932962095684,19.262630604183766
2002-02-27,22.074498744637083,23.41182178630531,-38.076258591403224,18.689885515259828
2002-02-28,22.70810730426332,23.746359529369883,-37.979145954253276,18.655530390893468
2002-03-01,22.480492769663353,23.02124835827324,-38.21840539967342,17.601582459890604
2002-03-02,23.06468250242186,21.977454122037383,-38.559747680509346,16.58840723273749
2002-03-03,23.51459848926901,22.333283499429278,-38.619096238220884,17.101121377015044
2002-03-04,24.646536530237537,21.502562265834452,-40.20859892644287,15.948744015770647
2002-03-05,24.987818576045466,21.94809912530204,-40.59216801997085,15.692006682201757
2002-03-06,24.3812457117283,22.470826329607146,-41.936037800579456,14.785893523824289
2002-03-07,24.888357652140396,23.275243135727745,-42.70436524173684,15.982606948946723
2002-03-08,25.475930525617876,23.20018930163842,-41.61008544124632,16.473844042996724
2002-03-09,23.950504844193087,22.668979893336704,-43.26393470218235,17.003411413831422
2002-03-10,24.741327755088584,22.35031758492214,-42.321565000837154,17.10419021626914
2002-03-11,25.359943615768316,21.463351965022717,-41.248213852976576,17.37711568170904
2002-03-12,26.5499168637196,21.113045394968974,-40.34394790920789,16.70383062674077
2002-03-13,27.164049482779056,20.910691520413994,-39.755820053015825,16.8905148281532
2002-03-14,28.05875058098087,20.808635768809918,-39.80705618847585,18.227708517313413
2002-03-15,27.244839588932,18.938472915030776,-40.21677828583902,18.629901785135658
2002-03-16,28.03933273184804,19.402327632460434,-40.305279129141596,19.498616215475693
2002-03-17,28.82021312704721,19.904659765440222,-39.640761859619076,19.520026740118087
2002-03-18,27.219929452044628,20.027505838381046,-40.87473887506948,19.12678191254358
2002-03-19,25.771562292669202,19.801369824223542,-39.15233930312066,19.18432782144437
2002-03-20,25.150231476811243,19.352734332820617,-38.99672006822076,18.631942609005414
2002-03-21,25.81377124052342,19.7128262832792,-38.63466831931422,20.703908035235077
2002-03-22,26.501468251897826,18.1415732190556,-37.90772586170238,21.205649991588125
2002-03-23,27.523289228049585,16.313758156689705,-37.68878243700528,19.93233663273901
2002-03-24,27.174987301785418,17.06594962124646,-38.14779687932768,19.376706714314942
2002-03-25,25.949592410508238,18.110094000010587,-38.58917090797997,18.394483330015206
2002-03-26,26.04866124009231,16.734247310125312,-38.7418666874686,18.838787991572396
2002-03-27,26.595579633290832,16.971842207051893,-39.09898799431991,19.214202265032128
2002-03-28,26.782393961871385,16.41747887135923,-39.06769333707505,19.431376133848516
2002-03-29,25.75927292950911,16.125732784943096,-39.30398782293543,20.328965842554275
2002-03-30,24.821599139580304,15.8926274620729,-41.24080586943997,20.70553113154251
2002-03-31,25.238120428528994,15.766832104450215,-40.882102163206284,22.19410887479326
2002-04-01,26.636868678314016,14.919083053203282,-40.198873649422836,22.383637809338275
2002-04-02,26.08070286044028,14.301754984043278,-39.188084194279796,23.375043585417227
2002-04-03,26.39627687595144,14.066890977551239,-38.17769736972099,23.266318253457488
2002-04-04,26.37649493116598,15.473054878700855,-38.53742812408884,22.16215464527373
2002-04-05,26.355094577212125,15.721227088579104,-36.10704511411111,22.464801283895802
2002-04-06,26.6087206065665,17.119491327031305,-36.2489968998096,23.875007907413277
2002-04-07,28.630585631593767,17.90867289282867,-34.422339850697625,25.491017144289863
2002-04-08,26.645676251950842,18.552708357968562,-35.640003993775345,26.872322696961174
2002-04-09,27.019374839759866,16.754472259965816,-35.098981318928246,26.61180971716565
2002-04-10,26.608529963852483,18.523407057060147,-33.55528515714522,25.068236296797817
2002-04-11,27.138155380205234,20.338879102523272,-33.563291387471615,23.841536870145156
2002-04-12,27.012503837466596,19.883766553526865,-34.13327447563056,23.44355969855477
2002-04-13,26.54310437441835,20.4367405053156,-34.44882930550018,23.428536485846582
2002-04-14,28.031911721556575,20.174780842683255,-33.99932960271539,24.33046548764145
2002-04-15,26.068465638940733,20.295877939943377,-34.71528568562233,24.213171237929895
2002-04-16,27.589643648364724,19.663074008189778,-34.796458597304174,23.697913657362996
2002-04-17,27.348571310476427,18.36450087131083,-35.312025059310955,23.22449589487266
2002-04-18,27.934682008125908,16.77477780753544,-36.8858655363222,22.350192077598024
2002-04-19,29.120527014090303,16.97705835685658,-37.9040125538419,22.934468922178798
2002-04-20,28.521021101780903,18.09512346301338,-37.88817606511398,23.626034553745868
2002-04-21,28.868581731621465,17.078246752901343,-37.724513586143814,24.461212080223678
2002-04-22,29.262902197354194,17.669915238169917,-36.83562500672203,23.48452505645159
2002-04-23,30.453816170290278,17.93770873962405,-38.23452048193454,23.520260650888318
2002-04-24,30.688538070887507,16.46875459289747,-38.251344155781766,23.403929651797156
2002-04-25,30.67818868123989,14.521179852644416,-38.53420111304836,25.11614727161607
2002-04-26,30.34013657105189,13.124416557685715,-37.74786646492656,26.064666102351055
2002-04-27,30.400524966081743,14.643935783806521,-38.38947008997459,27.908428041530595
2002-04-28,28.80787047572516,13.409021746242649,-38.07508116081116,27.54742819950858
2002-04-29,29.19733493436883,11.227142756591924,-40.6645338621078,28.20249445064061
2002-04-30,26.948059202109576,12.161949153098414,-39.93087554187375,28.26009075377573
2002-05-01,27.148572719091753,13.813021900962271,-39.89354352630294,28.25604615373167
2002-05-02,29.28378536977893,14.744685114954242,-40.52441439158223,27.341564913829167
2002-05-03,30.02784801187814,14.02482589043383,-41.16683864646917,27.63553607306534
2002-05-04,28.872549774842625,14.724479089441097,-42.08129388559388,27.094716238984258
2002-05-05,29.559572970039792,14.249810966980366,-41.875671022438105,28.054919990234726
2002-05-06,30.490815389200765,13.516778674229444,-42.56273070673691,28.332593555332853
2002-05-07,29.41571213783292,13.632118620712024,-43.15345957226819,29.43174622884548
2002-05-08,29.08113394091532,13.247573719288178,-44.55717978598927,30.4281140734806
2002-05-09,27.701309495572733,11.490321324471498,-44.84412919960634,29.543199564707624
2002-05-10,28.081930066828647,12.619545555930848,-44.766283675725795,30.43826969642488
2002-05-11,29.70901442429696,12.292289278624436,-46.50641019236198,30.543656242930414
2002-05-12,29.387717274872948,13.292610810438884,-46.25183280305059,30.949191162958936
2002-05-13,29.102909971432762,13.65338219417463,-46.78910554822846,32.52518495504561
2002-05-14,27.16467768780988,12.670387523132078,-47.49107828148527,31.131374629956454
2002-05-15,27.32690321988882,12.784085089455258,-47.8150071510972,31.958308332873184
2002-05-16,25.370552008374816,11.749501165829336,-45.936125471145054,30.45521746182977
2002-05-17,24.172776086926444,11.762466366465759,-47.16525445652353,29.542956019652532
2002-05-18,23.892949404439687,11.490017864620283,-47.15760280128582,29.459421431662687
2002-05-19,24.502537935951384,9.71656644012436,-45.603393539185795,30.084998331134713
2002-05-20,25.45368297294298,10.934594458081417,-44.39662995352361,28.78774602425854
2002-05-21,25.186396548294944,9.62472850212782,-43.312429470911546,28.41934115412897
2002-05-22,24.78573946044013,9.071279229142958,-43.72700944853493,26.572853514460228
2002-05-23,24.033379789239138,9.895639625781769,-43.479055282420155,26.56233742980083
2002-05-24,22.723599110706612,10.313049683016981,-44.09181756128962,27.00235963212509
2002-05-25,24.79667288844412,9.638837249205713,-45.1364086726778,26.645669666087034
2002-05-26,26.57315334415067,10.056173341039694,-45.64881388257937,27.645030907796247
2002-05-27,26.34748599087916,10.981595085826001,-46.26422710760329,26.655661265267486
2002-05-28,25.249530126923098,10.740556563515193,-45.33748360143025,26.928665108687014
2002-05-29,25.30107477369108,11.229169473236757,-42.47791780136112,27.690572371941983
2002-05-30,26.695007924082052,10.92745062673469,-42.14287015075204,27.003786633784067
2002-05-31,27.148304675393447,9.973345545895002,-39.58216137377986,26.109106561785456
2002-06-01,26.61618594712975,9.816586904510487,-40.78728845954719,26.053725121259724
2002-06-02,25.86070311511254,11.826761376730088,-40.15015109857769,25.472749055066497
2002-06-03,28.513414775299474,11.9719268648236,-40.66606009721063,26.360784721485516
2002-06-04,28.422032124159134,12.61874263770261,-42.687368276830334,26.725948267554166
2002-06-05,27.818153839493615,11.887293399827389,-40.17166896252936,27.072375088773608
2002-06-06,25.990228716167895,12.357484438916224,-41.05695253854731,26.56313735341038
2002-06-07,25.338562679172178,12.305454159224933,-39.575367543114496,26.881184073177906
2002-06-08,23.980304681396444,12.384524056310518,-38.958815716770104,27.38234557143521
2002-06-09,23.927633991225395,13.37126103716801,-38.502099798231015,26.490493623963264
2002-06-10,23.631133601024832,12.817158239931727,-39.559008290015186,25.593434256446134
2002-06-11,23.836897054699435,12.431341458875801,-40.56800283613691,24.58959885598185
2002-06-12,21.58582693956314,13.078104598336639,-40.65160631314085,23.5407924570697
2002-06-13,22.71179332005301,13.2481797531049,-39.60410001963087,24.696922609270317
2002-06-14,22.222376898042718,12.1703405611754,-38.13452793452935,25.945003684950123
2002-06-15,22.431404785125135,12.37236158498846,-38.2557761269146,26.80694204559419
2002-06-16,21.4490483910354,13.084863700597676,-38.319213954284436,29.95390657419358
2002-06-17,19.244902088119016,14.607055328817149,-37.87714340407198,28.72852439672724
2002-06-18,18.071041926138037,15.740539490565693,-38.62285580260776,27.169530441297166
2002-06-19,17.35315050424798,15.466885472996411,-37.12845868594531,27.857147140296078
2002-06-20,18.268499490279908,16.165207306867615,-35.148432375679235,26.358689735859738
2002-06-21,19.939147887067634,16.394558032869714,-34.77274407184993,25.7930712184244
2002-06-22,19.982930941906844,17.428535569486318,-33.27510951799971,23.71854961207577
2002-06-23,19.41880933632453,17.597533480672293,-33.09437144522949,24.148570818049297
2002-06-24,19.629966269567273,19.242004570499553,-33.52939471792469,22.561499197653088
2002-06-25,21.33214184172237,21.8459728509049,-34.27981853111697,22.72926830451665
2002-06-26,20.833864148391136,22.258624782150655,-35.28755320808858,23.642089994083545
2002-06-27,19.532481920415115,21.80957028313348,-36.640828307243225,24.147530953106887
2002-06-28,18.84706531070872,20.452883876325743,-35.52686564478166,24.3270512958394
2002-06-29,19.98119567597943,19.75952415933014,-36.35431900080523,24.0461815510456
2002-06-30,20.061422559373167,19.84867811382896,-36.710215201477205,24.96464189583268
2002-07-01,17.714834413047733,19.382021673171717,-37.66134489188483,26.118283600848386
2002-07-02,17.19277153271905,18.055563862642188,-37.180436229102106,25.530611592299618
2002-07-03,18.57145528947833,18.22772151700525,-36.595809325787386,26.65588667012361
2002-07-04,19.233224193413754,15.78211257105989,-36.90612047647382,27.1901690375805
2002-07-05,19.40074371690822,15.27248210988792,-36.56525276408778,27.513551878416212
2002-07-06,18.082304197381177,16.38157454021934,-36.39473718025821,28.73469021771544
2002-07-07,17.917557954332764,16.953244402003456,-36.34061864560792,26.847077036787457
2002-07-08,19.1356869095723,15.771483387149276,-36.50220421476029,27.005223781875372
2002-07-09,20.0434512529345,17.062495532164927,-36.69889729381333,25.727895158681548
2002-07-10,21.288945805174276,17.346341471888138,-36.83739654461358,25.790639679251715
2002-07-11,21.41667952582057,17.264872914230992,-36.29606069886296,25.09515026092986
2002-07-12,20.671680928771835,16.45615074856455,-35.21114749466196,26.27430475021249
2002-07-13,19.345262490094576,15.573340263821109,-35.51636078706933,26.244692997192704
2002-07-14,18.377858036754716,14.15164716751664,-36.28496642430956,26.51906510522463
2002-07-15,19.169818648431924,13.456794471062555,-34.720024130096725,25.662901697103464
2002-07-16,19.865081891235036,12.942358963375998,-34.69486520735118,26.3434381470906
2002-07-17,19.263997841720567,12.438020411578721,-35.0599422706521,26.902202365689313
2002-07-18,19.725663932076223,10.707143575794376,-36.85120607431783,25.011509448998172
2002-07-19,19.1394874572183,10.693013693268812,-37.7636119375527,24.105324316425428
2002-07-20,18.424278413675392,9.541141946213484,-38.81830940763638,23.42643256779142
2002-07-21,18.842503199615464,9.837691962704362,-39.48309863101264,24.168313501468344
2002-07-22,18.23404303293343,10.274067303370012,-39.99160677353847,22.677536746864472
2002-07-23,17.215299360540453,9.883469947011642,-41.044605883442856,24.480651678983744
2002-07-24,15.977995164668204,9.826596866194054,-42.525699177242416,24.013563433543368
2002-07-25,14.470378782059303,8.5551114079743,-40.858305378223534,23.443892384051416
2002-07-26,15.096344380054529,8.145190978114165,-40.25811559389858,22.94497182996693
2002-07-27,15.955225700073873,8.812173079523888,-38.75704471392936,22.472186566842186
2002-07-28,17.287678403908064,9.117032645552225,-38.73563598424611,22.532492735402894
2002-07-29,15.147243006078991,8.547951038572721,-39.56251289503874,24.054249709232785
2002-07-30,16.424106282743587,8.861649072379663,-38.76475286230887,24.035333943509443
2002-07-31,16.000059310219786,9.599034645979986,-37.21430586589968,24.145180147221755
2002-08-01,16.115837050241154,10.217789747183556,-38.590642840637514,23.431696914134037
2002-08-02,14.95119124632233,8.829939238150716,-37.69642991005207,24.77190187024741
2002-08-03,15.497692386390431,7.085986830563117,-36.82751044729264,24.62406068437537
2002-08-04,14.613260159226815,5.179344500195839,-37.101333447408514,24.834747720291034
2002-08-05,15.19175479943735,4.501517709891187,-37.06392560788084,24.42152670378391
2002-08-06,15.563550350382924,3.4152727418793463,-36.943987602706095,24.749258555564957
2002-08-07,14.41032331458095,3.935137294514659,-37.35870204614192,25.07202700509097
2002-08-08,16.15946767658587,3.2050084403968686,-36.258324970013106,22.996624796082433
2002-08-09,15.147703833654212,2.809339372605905,-37.422363275095265,22.714807965087175
2002-08-10,14.28901493835464,2.1628992521846664,-36.89180779998849,22.705798933792288
2002-08-11,14.563990360584471,0.6536360541636979,-35.92129265547664,22.97412579787352
2002-08-12,16.27588557287523,1.545194472557226,-37.94149599936117,23.875561391197
2002-08-13,17.689175498575846,3.5076384101382425,-37.59016358786512,24.690225934856386
2002-08-14,19.7028929088524,3.3672318605508282,-38.49876821852194,23.79297339256007
2002-08-15,20.10036357936111,2.6182233528033785,-40.00023562134574,24.90132183013384
2002-08-16,19.524990827052118,3.2803504557421137,-41.166968738917575,25.08175124718575
2002-08-17,19.841158056221765,0.11311870440340233,-40.42552823584031,24.64253515715871
2002-08-18,21.083763381100976,-0.5567425111203708,-40.60313009895583,24.26755792621293
2002-08-19,20.81729213876136,-1.6887749030177612,-39.493429982394844,26.131587358705893
2002-08-20,19.633551670537347,-0.5971150133110645,-38.94787977578092,26.03897690945512
2002-08-21,22.00927545489089,0.023821626779966798,-38.04305528134703,26.03702013643626
2002-08-22,22.644981898923525,0.5574608566774997,-37.87542588120468,27.345141710884025
2002-08-23,23.518477070957857,-1.1460153344266368,-38.58674055442853,27.373478753490822
2002-08-24,23.196221034837247,-2.1267637664064543,-39.01534957769505,25.77457047520836
2002-08-25,24.7202562064967,-2.436899019080493,-39.33852263977626,25.73428093663889
2002-08-26,25.04008366139394,-2.559527524652508,-38.55680697561203,24.95920078006871
2002-08-27,23.535069042192948,-2.089172230045241,-37.370468976931384,24.10296146776141
2002-08-28,24.195831071558192,-1.936814557864322,-37.07708653676999,23.333867570864335
2002-08-29,24.731699536137448,-0.5603806834983169,-37.91883241884722,23.59943557109169
2002-08-30,23.371505609962757,-1.6789418621380658,-37.04499902634864,23.98345290589009
2002-08-31,25.685714449240844,-1.3883876873480008,-37.26059111577076,23.841497031432358
2002-09-01,24.39195710474166,-1.0548864844678056,-38.98659171734658,25.384915012632014
2002-09-02,24.15254306560108,-1.8558873387270383,-39.59282804761778,23.231200628781494
2002-09-03,23.517222684680906,-2.4342531215273224,-41.67795036747606,24.296236002122125
2002-09-04,24.754184976574567,-2.653695804080499,-43.560821089485984,22.690427151724617
2002-09-05,26.704351007854697,-3.058221404754236,-43.65977043786866,23.0128060461374
2002-09-06,25.788406121018333,-4.855604615402547,-43.242836026628915,23.563066469208838
2002-09-07,25.08886596370134,-6.664076499831466,-43.28240297406927,24.0131624412917
2002-09-08,24.376012853836503,-5.499093153376126,-43.925576685387284,26.155990251439604
2002-09-09,23.967246013016084,-4.164314110549772,-42.77912460796772,25.810722528154177
2002-09-10,23.095291878123522,-2.784014882703273,-42.024664693054994,25.972550034888396
2002-09-11,22.113521602885054,-2.1083376565357677,-40.84321332285074,26.76003840796884
2002-09-12,22.138357832539764,-0.9980527545738218,-41.70032874670374,26.50176846907252
2002-09-13,22.019413301125155,-1.2698733527455808,-40.92430054996311,25.612050304110866
2002-09-14,23.130860521695652,-0.9301512356558796,-41.524946421956,26.082108387625937
2002-09-15,24.556305969536567,-1.0880652752514852,-41.53724881922671,26.67473014482798
2002-09-16,26.38279435498241,-0.05840676152453406,-43.755980364842785,24.795687343284982
2002-09-17,24.386103910891148,-0.6440790452193089,-44.25478465841382,25.01616835847643
2002-09-18,24.744190009417313,0.4983329414114931,-45.71958576856553,26.71577416930767
2002-09-19,25.58706912220733,0.22734924540123452,-44.32993890445634,27.724728576646136
2002-09-20,26.667482681756873,0.48665490350203244,-43.36925636701816,26.806322039904142
2002-09-21,26.01984647366303,1.2941879793089774,-41.643767958066384,27.025265293622233
2002-09-22,25.851724475703268,0.9848358334174692,-40.31517807126995,26.475337264511285
2002-09-23,26.85722878876363,0.3401923917957721,-39.604428115255416,24.92773099109341
2002-09-24,25.820474696010184,0.3904229456212627,-39.49685783209895,25.17364919240182
2002-09-25,24.580459582998916,1.9986584392925693,-40.69230793863928,25.465857302220964
2002-09-26,22.920984015537865,2.7167503509629687,-41.008791489641546,26.49028372552525
